8796221342780;;;;8796308505642->8796309095466;true
8796221408316;;;;8796308571178->8796309062698;true
8796221506620;;;;8796308636714->8796309128234;true
8796308505642;8796309226538;8798587290219;allDocuments,cmsComponents,assignedCockpitItemTemplates,comments,originalSlot;;true
8796308571178;8796309292074;8798587355755;allDocuments,cmsComponents,assignedCockpitItemTemplates,comments,originalSlot;;true
8796308636714;8796309259306;8798587322987;allDocuments,cmsComponents,assignedCockpitItemTemplates,comments,originalSlot;;true
8796221310012;;;;8796207776828->8796217377852,8796221473852->8796221998140;true
8796207776828;8796217377852;8798563893867;actions,allDocuments,children,containers,parents,restrictions,assignedCockpitItemTemplates,comments;8796221473852->8796221998140;true
8796221572156;;;;8796308735018->8796309193770;false
8796182611016;;;;8796126643264->8796126676032;false
8796221473852;;;;;true
8796308735018;8796309193770;8798587650667;cmsComponents;;false
8796126643264;8796126676032;8798587683435;entries;;false
8796221703228;;;;8796308833322->8796309390378;true
8796221670460;;;;8796308800554->8796309357610;false
8796221768764;;;;;true
8796308800554;8796309357610;8798587814507;cmsComponents;;false
8796182611016;;;;;false
8796221834300;;;;8796308898858->8796309455914;true
8796308833322;8796309521450;8798587945579;allDocuments,cmsComponents,assignedCockpitItemTemplates,comments,originalSlot;;true
8796115960879;;;;;false
8796115928111;;;;;false
8796115993647;;;;;false
8796116026415;;;;;false
8796116059183;;;;;false
8796116091951;;;;;false
8796116190255;;;;;false
8796116223023;;;;;false
8796308898858;8796309554218;8798587978347;allDocuments,cmsComponents,assignedCockpitItemTemplates,comments,originalSlot;;true
8796116255791;;;;;false
8796116124719;;;;;false
8796116157487;;;;;false
8796116288559;;;;;false
8796116354095;;;;;false
8796116321327;;;;;false
8797774381086;;;;8796114682928->8796114846768;true
8797774184478;;;;8796114584624->8796114814000;true
8797774250014;;;;8796114617392->8796114748464;true
8797774315550;;;;8796114650160->8796114715696;true
8797774118942;;;;8796114551856->8796114879536;true
8797774053406;;;;8796114519088->8796114912304;true
8797773987870;;;;8796114486320->8796114781232;true
8796114682928;8796114945072;8798588273259;allDocuments,bannerComponets,flashComponents,linkComponents,navigationNodes,previewImage,restrictions,simpleBannerComponents,simpleResponsiveBannerComponents,videoComponents,assignedCockpitItemTemplates,comments,lockedBy,originalPage,pageStatus,robotTag;;true
8796114584624;8796114977840;8798588338795;allDocuments,bannerComponets,flashComponents,linkComponents,navigationNodes,previewImage,restrictions,simpleBannerComponents,simpleResponsiveBannerComponents,videoComponents,assignedCockpitItemTemplates,comments,lockedBy,originalPage,pageStatus,robotTag;;true
8796114650160;8796115076144;8798588371563;allDocuments,bannerComponets,flashComponents,linkComponents,navigationNodes,previewImage,restrictions,simpleBannerComponents,simpleResponsiveBannerComponents,videoComponents,assignedCockpitItemTemplates,comments,lockedBy,originalPage,pageStatus,robotTag;;true
8796114551856;8796115010608;8798588306027;allDocuments,bannerComponets,flashComponents,linkComponents,navigationNodes,previewImage,restrictions,simpleBannerComponents,simpleResponsiveBannerComponents,videoComponents,assignedCockpitItemTemplates,comments,lockedBy,originalPage,pageStatus,robotTag;;true
8796114486320;8796115141680;8798588404331;allDocuments,bannerComponets,flashComponents,linkComponents,navigationNodes,previewImage,restrictions,simpleBannerComponents,simpleResponsiveBannerComponents,videoComponents,assignedCockpitItemTemplates,comments,lockedBy,originalPage,pageStatus,robotTag;;true
8796114519088;8796115108912;8798588437099;allDocuments,bannerComponets,flashComponents,linkComponents,navigationNodes,previewImage,restrictions,simpleBannerComponents,simpleResponsiveBannerComponents,videoComponents,assignedCockpitItemTemplates,comments,lockedBy,originalPage,pageStatus,robotTag;;true
8796114617392;8796115043376;8798588469867;allDocuments,bannerComponets,flashComponents,linkComponents,navigationNodes,previewImage,restrictions,simpleBannerComponents,simpleResponsiveBannerComponents,videoComponents,assignedCockpitItemTemplates,comments,lockedBy,originalPage,pageStatus,robotTag;;true
